2013-06-12 18:28:42,2013-06-12 18:28:42
29.421875,0.921875
30.25,0.828125
31.0625,0.812500
31.859375,0.796875
32.703125,0.843750
33.46875,0.765625
34.171875,0.703125
34.921875,0.750000
35.71875,0.796875
36.546875,0.828125
37.296875,0.750000
86.171875,0.671875
86.796875,0.625000
87.421875,0.625000
88.09375,0.671875
88.828125,0.734375
89.625,0.796875
90.359375,0.734375
91.015625,0.656250
91.671875,0.656250
92.3125,0.640625
93.015625,0.703125
93.75,0.734375
94.5,0.750000
95.28125,0.781250
112.3125,0.953125
113.171875,0.859375
113.9375,0.765625
114.765625,0.828125
115.59375,0.828125
116.40625,0.812500
117.34375,0.937500
118.03125,0.687500
118.71875,0.687500
119.484375,0.765625
120.390625,0.906250
121.328125,0.937500
122.171875,0.843750
123.046875,0.875000
123.90625,0.859375
124.75,0.843750
125.484375,0.734375
126.203125,0.718750
126.96875,0.765625
127.765625,0.796875
128.5625,0.796875
129.296875,0.734375
130.046875,0.750000
130.875,0.828125
131.765625,0.890625
132.65625,0.890625
133.453125,0.796875
134.171875,0.718750
134.859375,0.687500
135.5625,0.703125
136.34375,0.781250
137.109375,0.765625
137.8125,0.703125
138.5,0.687500
139.203125,0.703125
139.90625,0.703125
140.5625,0.656250
141.21875,0.656250
141.9375,0.718750
142.640625,0.703125
143.296875,0.656250
144.0,0.703125
144.734375,0.734375
145.453125,0.718750
146.125,0.671875
146.796875,0.671875
147.46875,0.671875
148.171875,0.703125
148.890625,0.718750
149.5625,0.671875
150.21875,0.656250
150.875,0.656250
151.578125,0.703125
152.296875,0.718750
158.59375,0.734375
159.359375,0.765625
160.109375,0.750000
160.78125,0.671875
203.015625,0.937500
203.984375,0.968750
204.890625,0.906250
228.546875,0.906250
229.421875,0.875000
230.171875,0.750000
230.890625,0.718750
231.703125,0.812500
232.578125,0.875000
233.390625,0.812500
234.21875,0.828125
235.03125,0.812500
235.828125,0.796875
236.59375,0.765625
237.296875,0.703125
237.96875,0.671875
238.671875,0.703125
239.46875,0.796875
260.765625,0.609375
261.46875,0.703125
262.234375,0.765625
262.9375,0.703125
263.59375,0.656250
264.265625,0.671875
265.015625,0.750000
265.90625,0.890625
266.78125,0.875000
267.546875,0.765625
268.234375,0.687500
268.9375,0.703125
269.640625,0.703125
270.375,0.734375
271.15625,0.781250
271.96875,0.812500
272.75,0.781250
273.453125,0.703125
274.109375,0.656250
274.765625,0.656250
275.4375,0.671875
276.1875,0.750000
277.015625,0.828125
277.8125,0.796875
278.5,0.687500
279.171875,0.671875
279.859375,0.687500
280.609375,0.750000
281.484375,0.875000
282.3125,0.828125
283.046875,0.734375
283.71875,0.671875
284.421875,0.703125
285.171875,0.750000
286.015625,0.843750
286.828125,0.812500
287.53125,0.703125
288.21875,0.687500
288.9375,0.718750
289.71875,0.781250
300.046875,0.812500
300.875,0.828125
301.625,0.750000
308.765625,0.656250
309.453125,0.687500
310.1875,0.734375
311.0,0.812500
311.75,0.750000
312.4375,0.687500
313.109375,0.671875
313.828125,0.718750
314.640625,0.812500
315.4375,0.796875
316.140625,0.703125
316.828125,0.687500
317.5625,0.734375
318.4375,0.875000
334.265625,0.750000
335.078125,0.812500
335.890625,0.812500
336.703125,0.812500
337.40625,0.703125
338.109375,0.703125
338.859375,0.750000
339.5625,0.703125
340.25,0.687500
340.96875,0.718750
341.703125,0.734375
342.46875,0.765625
343.265625,0.796875
344.046875,0.781250
344.828125,0.781250
345.578125,0.750000
346.3125,0.734375
347.078125,0.765625
355.984375,0.859375
356.890625,0.906250
357.796875,0.906250
358.65625,0.859375
359.4375,0.781250
369.609375,0.828125
370.359375,0.750000
371.046875,0.687500
371.765625,0.718750
372.515625,0.750000
373.3125,0.796875
374.125,0.812500
374.90625,0.781250
385.046875,0.843750
385.765625,0.718750
386.46875,0.703125
387.1875,0.718750
388.015625,0.828125
388.890625,0.875000
389.765625,0.875000
390.5625,0.796875
391.421875,0.859375
392.28125,0.859375
393.15625,0.875000
394.015625,0.859375
394.84375,0.828125
395.59375,0.750000
396.265625,0.671875
396.984375,0.718750
397.765625,0.781250
398.640625,0.875000
399.515625,0.875000
400.25,0.734375
401.0,0.750000
401.796875,0.796875
402.671875,0.875000
403.546875,0.875000
404.28125,0.734375
405.015625,0.734375
405.765625,0.750000
406.640625,0.875000
407.546875,0.906250
408.390625,0.843750
409.140625,0.750000
409.9375,0.796875
410.828125,0.890625
411.734375,0.906250
412.578125,0.843750
413.34375,0.765625
414.046875,0.703125
414.75,0.703125
415.515625,0.765625
416.359375,0.843750
435.234375,0.812500
436.125,0.890625
436.96875,0.843750
437.796875,0.828125
438.625,0.828125
439.515625,0.890625
440.296875,0.781250
441.015625,0.718750
441.734375,0.718750
442.484375,0.750000
443.234375,0.750000
443.984375,0.750000
444.703125,0.718750
445.453125,0.750000
446.234375,0.781250
447.015625,0.781250
447.75,0.734375
448.390625,0.640625
449.0625,0.671875
449.703125,0.640625
450.421875,0.718750
468.0625,0.734375
468.828125,0.765625
469.609375,0.781250
470.421875,0.812500
471.25,0.828125
472.078125,0.828125
472.859375,0.781250
473.5625,0.703125
474.28125,0.718750
475.0,0.718750
475.75,0.750000
482.109375,0.765625
482.875,0.765625
483.5625,0.687500
484.234375,0.671875
484.90625,0.671875
485.625,0.718750
486.390625,0.765625
487.109375,0.718750
487.828125,0.718750
502.9375,0.812500
503.78125,0.843750
504.625,0.843750
505.40625,0.781250
506.125,0.718750
547.34375,0.734375
548.046875,0.703125
548.78125,0.734375
549.59375,0.812500
550.5,0.906250
551.421875,0.921875
552.25,0.828125
580.625,0.703125
581.296875,0.671875
599.609375,0.781250
642.140625,0.765625
642.859375,0.718750
643.546875,0.687500
644.203125,0.656250
644.90625,0.703125
645.640625,0.734375
646.4375,0.796875
647.234375,0.796875
666.09375,0.906250
686.5,0.765625
687.328125,0.828125
688.1875,0.859375
689.03125,0.843750
689.84375,0.812500
690.625,0.781250
707.375,0.875000
708.265625,0.890625
709.140625,0.875000
709.984375,0.843750
710.796875,0.812500
711.53125,0.734375
712.25,0.718750
713.0,0.750000
713.828125,0.828125
714.734375,0.906250
715.65625,0.921875
716.5625,0.906250
717.421875,0.859375
718.25,0.828125
728.46875,0.703125
768.6875,0.687500
769.34375,0.656250
769.96875,0.625000
770.625,0.656250
771.421875,0.796875
772.328125,0.906250
787.453125,0.734375
788.234375,0.781250
789.046875,0.812500
789.890625,0.843750
790.671875,0.781250
791.34375,0.671875
792.03125,0.687500
792.75,0.718750
793.484375,0.734375
794.15625,0.671875
794.796875,0.640625
795.46875,0.671875
796.21875,0.750000
796.984375,0.765625
797.765625,0.781250
798.5,0.734375
799.1875,0.687500
799.828125,0.640625
800.46875,0.640625
801.125,0.656250
801.734375,0.609375
802.34375,0.609375
802.96875,0.625000
803.5625,0.593750
804.171875,0.609375
804.75,0.578125
805.34375,0.593750
805.9375,0.593750
806.53125,0.593750
807.109375,0.578125
807.6875,0.578125
808.25,0.562500
808.84375,0.593750
809.46875,0.625000
810.0625,0.593750
810.65625,0.593750
811.25,0.593750
811.84375,0.593750
812.453125,0.609375
813.078125,0.625000
813.703125,0.625000
814.265625,0.562500
814.84375,0.578125
815.40625,0.562500
816.0,0.593750
816.609375,0.609375
817.25,0.640625
817.890625,0.640625
818.515625,0.625000
819.109375,0.593750
819.703125,0.593750
820.28125,0.578125
820.90625,0.625000
821.515625,0.609375
822.125,0.609375
822.703125,0.578125
823.28125,0.578125
823.84375,0.562500
824.40625,0.562500
824.96875,0.562500
825.5625,0.593750
826.140625,0.578125
826.703125,0.562500
827.28125,0.578125
827.875,0.593750
828.5,0.625000
829.140625,0.640625
829.765625,0.625000
830.375,0.609375
830.984375,0.609375
831.609375,0.625000
832.234375,0.625000
832.875,0.640625
833.5,0.625000
834.109375,0.609375
834.703125,0.593750
835.296875,0.593750
835.890625,0.593750
836.515625,0.625000
837.109375,0.593750
837.703125,0.593750
838.28125,0.578125
838.84375,0.562500
839.421875,0.578125
840.015625,0.593750
840.640625,0.625000
841.234375,0.593750
841.796875,0.562500
842.359375,0.562500
842.921875,0.562500
843.5,0.578125
844.09375,0.593750
844.703125,0.609375
845.3125,0.609375
845.921875,0.609375
846.484375,0.562500
847.0625,0.578125
847.625,0.562500
848.1875,0.562500
848.75,0.562500
849.3125,0.562500
849.90625,0.593750
850.484375,0.578125
851.0625,0.578125
851.625,0.562500
852.171875,0.546875
852.734375,0.562500
853.28125,0.546875
853.875,0.593750
854.453125,0.578125
855.046875,0.593750
855.625,0.578125
856.203125,0.578125
856.796875,0.593750
857.40625,0.609375
858.0625,0.656250
864.1875,0.578125
864.75,0.562500
865.3125,0.562500
865.859375,0.546875
866.4375,0.578125
867.015625,0.578125
867.625,0.609375
868.265625,0.640625
868.875,0.609375
869.515625,0.640625
870.140625,0.625000
870.734375,0.593750
871.3125,0.578125
871.875,0.562500
872.4375,0.562500
872.984375,0.546875
873.5625,0.578125
874.140625,0.578125
874.75,0.609375
875.375,0.625000
876.015625,0.640625
876.671875,0.656250
877.296875,0.625000
877.890625,0.593750
878.453125,0.562500
879.015625,0.562500
882.8125,0.609375
883.390625,0.578125
883.984375,0.593750
884.59375,0.609375
885.203125,0.609375
885.84375,0.640625
886.484375,0.640625
887.140625,0.656250
887.78125,0.640625
888.453125,0.671875
889.109375,0.656250
889.78125,0.671875
890.421875,0.640625
891.03125,0.609375
891.625,0.593750
892.234375,0.609375
892.875,0.640625
893.5625,0.687500
894.234375,0.671875
894.875,0.640625
895.515625,0.640625
896.203125,0.687500
897.0,0.796875
897.8125,0.812500
913.671875,0.859375
914.609375,0.937500
915.40625,0.796875
916.109375,0.703125
916.8125,0.703125
917.5625,0.750000
918.4375,0.875000
929.515625,0.750000
930.1875,0.671875
930.84375,0.656250
931.546875,0.703125
932.296875,0.750000
933.0625,0.765625
933.75,0.687500
934.40625,0.656250
935.078125,0.671875
935.8125,0.734375
936.546875,0.734375
1029.5625,0.531250
1030.109375,0.546875
1030.625,0.515625
1031.140625,0.515625
1049.515625,0.687500
1050.171875,0.656250
1133.15625,0.656250
1133.796875,0.640625
1134.484375,0.687500
1135.203125,0.718750
1135.859375,0.656250
1136.46875,0.609375
1137.0625,0.593750
1137.65625,0.593750
1138.265625,0.609375
1138.859375,0.593750
1139.484375,0.625000
1140.125,0.640625
1140.671875,0.546875
1145.53125,0.671875
1146.21875,0.687500
1173.75,0.578125
1174.3125,0.562500
1175.0,0.687500
1181.484375,0.562500
1182.03125,0.546875
1182.59375,0.562500
1183.125,0.531250
1183.671875,0.546875
1184.21875,0.546875
1184.8125,0.593750
1197.53125,0.968750
1198.515625,0.984375
1199.46875,0.953125
1200.359375,0.890625
1201.171875,0.812500
1202.03125,0.859375
1228.484375,0.843750
1237.09375,0.796875
1238.046875,0.953125
1248.328125,0.812500
1264.421875,0.781250
1265.296875,0.875000
1266.171875,0.875000
1267.078125,0.906250
1267.875,0.796875
1268.609375,0.734375
1269.390625,0.781250
1270.203125,0.812500
1291.09375,0.765625
1291.953125,0.859375
1292.828125,0.875000
1293.578125,0.750000
1294.34375,0.765625
1295.15625,0.812500
1296.0625,0.906250
1296.953125,0.890625
1297.71875,0.765625
1298.46875,0.750000
1299.3125,0.843750
1300.234375,0.921875
1301.03125,0.796875
1301.84375,0.812500
1302.71875,0.875000
1303.546875,0.828125
1304.265625,0.718750
1305.03125,0.765625
1305.828125,0.796875
1306.65625,0.828125
1307.421875,0.765625
1308.15625,0.734375
1308.9375,0.781250
1309.78125,0.843750
1310.6875,0.906250
1311.46875,0.781250
1312.21875,0.750000
1313.046875,0.828125
1314.0,0.953125
1314.96875,0.968750
1315.75,0.781250
1316.46875,0.718750
1317.234375,0.765625
1318.140625,0.906250
1319.078125,0.937500
1320.046875,0.968750
1321.0,0.953125
1346.71875,0.890625
1347.5,0.781250
1348.25,0.750000
1355.390625,0.937500
1356.328125,0.937500
1357.09375,0.765625
1357.8125,0.718750
1358.53125,0.718750
1359.265625,0.734375
1360.078125,0.812500
1360.9375,0.859375
1361.8125,0.875000
1362.59375,0.781250
1363.296875,0.703125
1363.984375,0.687500
1364.703125,0.718750
1365.484375,0.781250
1366.3125,0.828125
1367.171875,0.859375
1368.015625,0.843750
1368.84375,0.828125
1376.46875,0.765625
1389.21875,0.687500
1389.953125,0.734375
1390.71875,0.765625
1391.546875,0.828125
1392.421875,0.875000
1393.234375,0.812500
1394.015625,0.781250
1394.828125,0.812500
1395.65625,0.828125
1396.53125,0.875000
1397.3125,0.781250
1398.0625,0.750000
1398.875,0.812500
1399.71875,0.843750
1400.53125,0.812500
1401.265625,0.734375
1402.015625,0.750000
1402.78125,0.765625
1403.515625,0.734375
1416.359375,0.812500
1417.203125,0.843750
1418.046875,0.843750
1418.875,0.828125
1419.625,0.750000
1420.375,0.750000
1421.171875,0.796875
1422.0,0.828125
1422.859375,0.859375
1423.65625,0.796875
1424.421875,0.765625
1425.1875,0.765625
1426.03125,0.843750
1426.90625,0.875000
1427.6875,0.781250
1428.5,0.812500
1429.375,0.875000
1430.21875,0.843750
1430.953125,0.734375
1431.6875,0.734375
1432.421875,0.734375
1433.125,0.703125
1433.84375,0.718750
1434.625,0.781250
1435.484375,0.859375
1436.296875,0.812500
1445.65625,0.906250
1446.46875,0.812500
1447.203125,0.734375
1447.9375,0.734375
1448.71875,0.781250
1449.4375,0.718750
1450.15625,0.718750
1450.953125,0.796875
1451.828125,0.875000
1452.609375,0.781250
1453.421875,0.812500
1454.234375,0.812500
1454.96875,0.734375
1455.75,0.781250
1456.578125,0.828125
1457.453125,0.875000
1458.328125,0.875000
1459.125,0.796875
1459.9375,0.812500
1460.78125,0.843750
1461.625,0.843750
1462.375,0.750000
1463.125,0.750000
1463.9375,0.812500
1464.84375,0.906250
1465.78125,0.937500
1466.59375,0.812500
1467.40625,0.812500
1468.265625,0.859375
1469.171875,0.906250
1470.046875,0.875000
1470.8125,0.765625
1471.546875,0.734375
1472.34375,0.796875
1473.171875,0.828125
1474.09375,0.921875
1475.03125,0.937500
1475.828125,0.796875
1476.640625,0.812500
1477.5,0.859375
1478.390625,0.890625
1479.234375,0.843750
1480.0,0.765625
1480.75,0.750000
1481.53125,0.781250
1482.328125,0.796875
1483.109375,0.781250
1483.859375,0.750000
1484.65625,0.796875
1485.515625,0.859375
1486.375,0.859375
1487.15625,0.781250
1487.984375,0.828125
1488.84375,0.859375
1489.65625,0.812500
1490.390625,0.734375
1491.125,0.734375
1491.9375,0.812500
1500.40625,0.859375
1501.265625,0.859375
1502.078125,0.812500
1502.9375,0.859375
1503.828125,0.890625
1504.796875,0.968750
1505.546875,0.750000
1506.328125,0.781250
1507.140625,0.812500
1508.0,0.859375
1508.75,0.750000
1509.46875,0.718750
1510.234375,0.765625
1511.125,0.890625
1512.046875,0.921875
1512.921875,0.875000
1513.734375,0.812500
1514.59375,0.859375
1515.484375,0.890625
1516.390625,0.906250
1517.203125,0.812500
1517.984375,0.781250
1518.796875,0.812500
1519.640625,0.843750
1520.453125,0.812500
1521.203125,0.750000
1521.96875,0.765625
1522.8125,0.843750
1523.71875,0.906250
1531.046875,0.859375
1531.9375,0.890625
1532.8125,0.875000
1533.6875,0.875000
1534.546875,0.859375
1535.4375,0.890625
1536.28125,0.843750
1537.0625,0.781250
1537.875,0.812500
1538.75,0.875000
1539.65625,0.906250
1540.578125,0.921875
1541.46875,0.890625
1542.25,0.781250
1543.015625,0.765625
1543.828125,0.812500
1544.640625,0.812500
1545.453125,0.812500
1546.171875,0.718750
1546.90625,0.734375
1547.671875,0.765625
1548.5,0.828125
1549.375,0.875000
1550.203125,0.828125
1550.984375,0.781250
1551.8125,0.828125
1552.640625,0.828125
1553.421875,0.781250
1554.15625,0.734375
1554.890625,0.734375
1555.65625,0.765625
1556.46875,0.812500
1557.28125,0.812500
1558.015625,0.734375
1558.75,0.734375
1559.546875,0.796875
1560.421875,0.875000
1561.28125,0.859375
1562.0625,0.781250
1562.828125,0.765625
1563.6875,0.859375
1564.59375,0.906250
1565.5625,0.968750
1566.53125,0.968750
1572.953125,0.734375
1573.6875,0.734375
1574.484375,0.796875
1575.375,0.890625
1576.28125,0.906250
1577.0625,0.781250
1577.84375,0.781250
1578.65625,0.812500
1579.515625,0.859375
1580.359375,0.843750
1581.125,0.765625
1581.890625,0.765625
1582.703125,0.812500
1583.546875,0.843750
1584.40625,0.859375
1585.1875,0.781250
1585.953125,0.765625
1586.6875,0.734375
1587.46875,0.781250
1588.265625,0.796875
1589.09375,0.828125
1589.859375,0.765625
1590.578125,0.718750
1591.3125,0.734375
1592.09375,0.781250
1592.859375,0.765625
1593.59375,0.734375
1594.328125,0.734375
1595.109375,0.781250
1595.9375,0.828125
1596.71875,0.781250
1597.453125,0.734375
1598.21875,0.765625
1599.03125,0.812500
1599.90625,0.875000
1600.75,0.843750
1601.515625,0.765625
1602.3125,0.796875
1603.171875,0.859375
1604.09375,0.921875
1604.953125,0.859375
1605.765625,0.812500
1606.59375,0.828125
1607.484375,0.890625
1608.40625,0.921875
1609.265625,0.859375
1610.0625,0.796875
1610.875,0.812500
1611.734375,0.859375
1612.640625,0.906250
1613.46875,0.828125
1614.25,0.781250
1615.078125,0.828125
1615.96875,0.890625
1624.125,0.671875
1624.84375,0.718750
1625.59375,0.750000
1626.34375,0.750000
1627.109375,0.765625
1627.828125,0.718750
1628.578125,0.750000
1629.359375,0.781250
1630.1875,0.828125
1630.9375,0.750000
1631.71875,0.781250
1632.546875,0.828125
1633.4375,0.890625
1634.328125,0.890625
1641.0,0.828125
1641.859375,0.859375
1642.765625,0.906250
1643.546875,0.781250
1644.265625,0.718750
1659.53125,0.796875
1660.3125,0.781250
1661.03125,0.718750
1661.75,0.718750
1662.515625,0.765625
1663.34375,0.828125
1664.1875,0.843750
1664.96875,0.781250
1665.734375,0.765625
1666.515625,0.781250
1667.296875,0.781250
1668.125,0.828125
1668.953125,0.828125
1669.71875,0.765625
1670.46875,0.750000
1671.296875,0.828125
1672.15625,0.859375
1673.0625,0.906250
1673.953125,0.890625
1674.765625,0.812500
1675.5625,0.796875
1676.359375,0.796875
1677.1875,0.828125
1678.015625,0.828125
1678.8125,0.796875
1679.5625,0.750000
1680.34375,0.781250
1687.1875,0.875000
1687.984375,0.796875
1688.734375,0.750000
1689.5625,0.828125
1690.421875,0.859375
1691.328125,0.906250
1692.125,0.796875
1692.875,0.750000
1693.65625,0.781250
1694.484375,0.828125
1695.328125,0.843750
1696.140625,0.812500
1696.9375,0.796875
1697.78125,0.843750
1698.65625,0.875000
1699.515625,0.859375
1700.296875,0.781250
1701.046875,0.750000
1701.84375,0.796875
1702.765625,0.921875
1703.703125,0.937500
1704.5625,0.859375
1705.359375,0.796875
1706.203125,0.843750
1707.0625,0.859375
1707.90625,0.843750
1708.6875,0.781250
1709.421875,0.734375
1710.171875,0.750000
1711.046875,0.875000
1711.984375,0.937500
1712.859375,0.875000
1713.6875,0.828125
1714.5625,0.875000
1715.453125,0.890625
1716.3125,0.859375
1717.109375,0.796875
1717.953125,0.843750
1718.828125,0.875000
1719.71875,0.890625
1720.625,0.906250
1721.421875,0.796875
1722.21875,0.796875
1723.0625,0.843750
1729.59375,0.750000
1730.3125,0.718750
1731.015625,0.703125
1731.734375,0.718750
1732.484375,0.750000
1733.25,0.765625
1733.984375,0.734375
1734.859375,0.875000
1735.578125,0.718750
1736.328125,0.750000
1737.125,0.796875
1737.90625,0.781250
1738.640625,0.734375
1739.375,0.734375
1740.140625,0.765625
1740.9375,0.796875
1741.734375,0.796875
1742.46875,0.734375
1743.234375,0.765625
1744.03125,0.796875
1744.859375,0.828125
1745.703125,0.843750
1746.484375,0.781250
1747.25,0.765625
1748.046875,0.796875
1748.859375,0.812500
1749.625,0.765625
1750.375,0.750000
1756.359375,0.765625
1757.078125,0.718750
1757.84375,0.765625
1758.65625,0.812500
1759.515625,0.859375
1760.34375,0.828125
1761.125,0.781250
1761.890625,0.765625
1762.6875,0.796875
1763.53125,0.843750
1764.390625,0.859375
1765.21875,0.828125
1766.0625,0.843750
1766.96875,0.906250
1767.859375,0.890625
1768.703125,0.843750
1769.515625,0.812500
1775.359375,0.703125
1776.125,0.765625
1777.0,0.875000
1777.890625,0.890625
1778.65625,0.765625
1779.390625,0.734375
1780.1875,0.796875
1781.03125,0.843750
1788.046875,0.921875
1809.359375,0.734375
1810.109375,0.750000
1810.828125,0.718750
1811.546875,0.718750
1812.296875,0.750000
1813.078125,0.781250
1813.84375,0.765625
1814.578125,0.734375
1815.359375,0.781250
1816.234375,0.875000
1817.171875,0.937500
1818.09375,0.921875
1818.9375,0.843750
1819.734375,0.796875
1820.5625,0.828125
1821.421875,0.859375
1822.328125,0.906250
1823.15625,0.828125
1823.9375,0.781250
1824.75,0.812500
1825.625,0.875000
1826.5625,0.937500
1827.453125,0.890625
1828.234375,0.781250
1829.03125,0.796875
1829.90625,0.875000
1830.859375,0.953125
1831.78125,0.921875
1832.59375,0.812500
1833.359375,0.765625
1834.140625,0.781250
1834.9375,0.796875
1835.78125,0.843750
1836.578125,0.796875
1837.3125,0.734375
1838.125,0.812500
1839.046875,0.921875
1839.984375,0.937500
1840.796875,0.812500
1841.5625,0.765625
1842.359375,0.796875
1843.234375,0.875000
1844.140625,0.906250
1844.953125,0.812500
1851.0625,0.828125
1851.90625,0.843750
1852.78125,0.875000
1853.671875,0.890625
1854.5625,0.890625
1855.453125,0.890625
1856.328125,0.875000
1857.140625,0.812500
1857.890625,0.750000
1858.65625,0.765625
1859.609375,0.953125
1860.578125,0.968750
1861.578125,1.000000
1862.5,0.921875
1867.8125,0.781250
1868.65625,0.843750
1875.546875,0.765625
1876.296875,0.750000
1877.015625,0.718750
1877.734375,0.718750
1878.515625,0.781250
1879.359375,0.843750
1880.203125,0.843750
1881.078125,0.875000
1881.875,0.796875
1882.625,0.750000
1883.390625,0.765625
1884.234375,0.843750
1885.15625,0.921875
1886.078125,0.921875
1886.953125,0.875000
1887.75,0.796875
1888.578125,0.828125
1889.453125,0.875000
1890.34375,0.890625
1891.1875,0.843750
1891.96875,0.781250
1892.71875,0.750000
1893.5625,0.843750
1894.484375,0.921875
1895.421875,0.937500
1896.296875,0.875000
1897.125,0.828125
1897.96875,0.843750
1898.890625,0.921875
1899.78125,0.890625
1900.609375,0.828125
1901.390625,0.781250
1902.21875,0.828125
1903.09375,0.875000
1903.984375,0.890625
1904.9375,0.953125
1905.75,0.812500
1912.703125,0.953125
1913.546875,0.843750
1914.40625,0.859375
1915.3125,0.906250
1916.25,0.937500
1917.125,0.875000
1917.90625,0.781250
1918.734375,0.828125
1919.625,0.890625
1920.609375,0.984375
1921.59375,0.984375
1922.46875,0.875000
1923.296875,0.828125
1924.140625,0.843750
1925.046875,0.906250
1925.9375,0.890625
1926.765625,0.828125
1927.5625,0.796875
1928.40625,0.843750
1929.3125,0.906250
1930.21875,0.906250
1931.140625,0.921875
1931.96875,0.828125
1932.734375,0.765625
1933.5625,0.828125
1934.453125,0.890625
1935.421875,0.968750
1936.265625,0.843750
1937.125,0.859375
1938.078125,0.953125
1939.0625,0.984375
1940.0,0.937500
1940.8125,0.812500
1941.546875,0.734375
1942.34375,0.796875
1943.234375,0.890625
1944.171875,0.937500
1944.984375,0.812500
1945.875,0.890625
1946.890625,1.015625
1960.03125,0.968750
1961.078125,1.046875
1962.125,1.046875
1963.171875,1.046875
1964.140625,0.968750
1965.09375,0.953125
1966.0625,0.968750
1967.0,0.937500
1967.8125,0.812500
1968.5625,0.750000
1969.40625,0.843750
1970.40625,1.000000
1971.4375,1.031250
1972.359375,0.921875
1973.140625,0.781250
1973.90625,0.765625
1974.765625,0.859375
1975.796875,1.031250
1976.765625,0.968750
1977.578125,0.812500
1978.359375,0.781250
1979.21875,0.859375
1980.1875,0.968750
1981.171875,0.984375
1982.015625,0.843750
1982.828125,0.812500
1983.78125,0.953125
1984.796875,1.015625
1985.796875,1.000000
1986.6875,0.890625
1987.46875,0.781250
1988.1875,0.718750
1988.90625,0.718750
1989.71875,0.812500
1990.625,0.906250
1991.578125,0.953125
1992.46875,0.890625
1993.234375,0.765625
1994.03125,0.796875
1994.90625,0.875000
1995.859375,0.953125
1996.796875,0.937500
1997.65625,0.859375
1998.421875,0.765625
1999.203125,0.781250
2000.0625,0.859375
2001.046875,0.984375
2002.046875,1.000000
2002.953125,0.906250
2003.875,0.921875
2004.828125,0.953125
2005.796875,0.968750
2006.734375,0.937500
2007.578125,0.843750
2008.4375,0.859375
2009.34375,0.906250
2010.28125,0.937500
2011.1875,0.906250
2012.046875,0.859375
2012.984375,0.937500
2013.96875,0.984375
2014.921875,0.953125
2015.734375,0.812500
2016.53125,0.796875
2017.40625,0.875000
2018.390625,0.984375
2019.390625,1.000000
2020.28125,0.890625
2030.796875,0.812500
2031.59375,0.796875
2039.015625,0.812500
2039.8125,0.796875
2040.671875,0.859375
2041.578125,0.906250
2042.46875,0.890625
2053.0625,0.703125
2053.78125,0.718750
2054.53125,0.750000
2055.3125,0.781250
2056.0625,0.750000
2056.796875,0.734375
2057.609375,0.812500
2058.515625,0.906250
2059.421875,0.906250
2060.21875,0.796875
2061.046875,0.828125
2061.90625,0.859375
2062.8125,0.906250
2063.65625,0.843750
2064.4375,0.781250
2065.25,0.812500
2066.125,0.875000
2067.03125,0.906250
2067.875,0.843750
2068.734375,0.859375
2069.6875,0.953125
2070.671875,0.984375
2071.5625,0.890625
2087.375,0.875000
2088.15625,0.781250
2088.984375,0.828125
2089.953125,0.968750
2090.9375,0.984375
2091.75,0.812500
2092.609375,0.859375
2112.21875,0.937500
2120.984375,0.968750
2121.828125,0.843750
2122.65625,0.828125
2123.59375,0.937500
2124.578125,0.984375
2125.4375,0.859375
2126.28125,0.843750
2127.21875,0.937500
2128.1875,0.968750
2129.078125,0.890625
2144.6875,0.953125
2145.671875,0.984375
2146.53125,0.859375
2147.359375,0.828125
2148.25,0.890625
2149.234375,0.984375
2150.1875,0.953125
2151.0625,0.875000
2151.859375,0.796875
2159.265625,1.046875
2189.546875,0.953125
2190.453125,0.906250
2199.21875,0.921875
2200.046875,0.828125
2211.671875,0.937500
2212.53125,0.859375
2213.484375,0.953125
2214.484375,1.000000
2234.234375,0.812500
2235.0625,0.828125
2235.96875,0.906250
2236.90625,0.937500
2237.796875,0.890625
2238.578125,0.781250
2239.375,0.796875
2240.234375,0.859375
2256.09375,0.781250
2256.9375,0.843750
2257.71875,0.781250
2258.4375,0.718750
2259.265625,0.828125
2260.140625,0.875000
2260.921875,0.781250
2261.640625,0.718750
2262.34375,0.703125
2263.109375,0.765625
2263.90625,0.796875
2264.703125,0.796875
2265.4375,0.734375
2266.15625,0.718750
2266.921875,0.765625
2267.71875,0.796875
2268.5,0.781250
2269.21875,0.718750
2269.9375,0.718750
2270.671875,0.734375
2271.390625,0.718750
2272.125,0.734375
2272.796875,0.671875
2273.453125,0.656250
2274.0625,0.609375
2307.9375,0.578125
2308.484375,0.546875
2404.78125,0.968750
2405.625,0.843750
2406.46875,0.843750
2407.390625,0.921875
2432.0625,0.921875
2433.015625,0.953125
2448.09375,0.828125
2449.03125,0.937500
2449.984375,0.953125
2450.921875,0.937500
2451.78125,0.859375
2452.53125,0.750000
2453.28125,0.750000
2454.1875,0.906250
2455.265625,1.078125
2456.28125,1.015625
2457.125,0.843750
2458.0625,0.937500
2459.078125,1.015625
2460.109375,1.031250
2461.0,0.890625
2461.734375,0.734375
2462.4375,0.703125
2463.171875,0.734375
2463.96875,0.796875
2464.71875,0.750000
2465.484375,0.765625
2466.46875,0.984375
2467.453125,0.984375
2468.421875,0.968750
2469.421875,1.000000
2470.421875,1.000000
2471.390625,0.968750
2472.359375,0.968750
2473.28125,0.921875
2474.125,0.843750
2475.0,0.875000
2475.90625,0.906250
2476.875,0.968750
2477.8125,0.937500
2478.625,0.812500
2491.34375,0.968750
2492.171875,0.828125
2493.078125,0.906250
2494.0625,0.984375
2495.0625,1.000000
2496.0,0.937500
2496.796875,0.796875
2497.65625,0.859375
2498.578125,0.921875
2499.53125,0.953125
2500.375,0.843750
2501.234375,0.859375
2502.171875,0.937500
2503.109375,0.937500
2503.90625,0.796875
2504.71875,0.812500
2505.65625,0.937500
2506.65625,1.000000
2507.515625,0.859375
2508.40625,0.890625
2509.328125,0.921875
2510.171875,0.843750
2510.90625,0.734375
2511.640625,0.734375
2512.4375,0.796875
2513.296875,0.859375
2514.203125,0.906250
2515.140625,0.937500
2516.015625,0.875000
2516.8125,0.796875
2517.625,0.812500
2518.46875,0.843750
2519.390625,0.921875
2520.3125,0.921875
2521.15625,0.843750
2521.921875,0.765625
2522.703125,0.781250
2523.546875,0.843750
2524.421875,0.875000
2525.234375,0.812500
2526.03125,0.796875
2526.875,0.843750
2527.78125,0.906250
2528.6875,0.906250
2529.5,0.812500
2530.265625,0.765625
2531.046875,0.781250
2539.515625,0.875000
2540.453125,0.937500
2541.390625,0.937500
2542.25,0.859375
2542.984375,0.734375
2543.703125,0.718750
2544.421875,0.718750
2545.234375,0.812500
2546.109375,0.875000
2547.03125,0.921875
2547.953125,0.921875
2548.78125,0.828125
2549.578125,0.796875
2550.40625,0.828125
2551.28125,0.875000
2552.15625,0.875000
2552.96875,0.812500
2553.75,0.781250
2554.5625,0.812500
2555.484375,0.921875
2556.421875,0.937500
2557.375,0.953125
2558.296875,0.921875
2559.21875,0.921875
2560.046875,0.828125
2560.84375,0.796875
2561.65625,0.812500
2562.5625,0.906250
2563.546875,0.984375
2564.5,0.953125
2574.125,0.796875
2574.96875,0.843750
2575.8125,0.843750
2576.59375,0.781250
2577.390625,0.796875
2578.28125,0.890625
2579.203125,0.921875
2580.109375,0.906250
2580.921875,0.812500
2581.75,0.828125
2582.609375,0.859375
2583.5625,0.953125
2584.515625,0.953125
2590.90625,0.875000
2591.703125,0.796875
2592.515625,0.812500
2593.4375,0.921875
2594.390625,0.953125
2595.28125,0.890625
2596.0625,0.781250
2596.859375,0.796875
2597.75,0.890625
2598.71875,0.968750
2599.671875,0.953125
2600.5,0.828125
2601.53125,1.031250
2602.453125,0.921875
2603.4375,0.984375
2604.40625,0.968750
2605.359375,0.953125
2606.1875,0.828125
2606.96875,0.781250
2607.78125,0.812500
2608.6875,0.906250
2609.546875,0.859375
2610.296875,0.750000
2611.03125,0.734375
2611.84375,0.812500
2612.703125,0.859375
2613.640625,0.937500
2614.5625,0.921875
2615.390625,0.828125
2616.171875,0.781250
2616.984375,0.812500
2617.875,0.890625
2618.828125,0.953125
2619.734375,0.906250
2620.546875,0.812500
2621.375,0.828125
2622.265625,0.890625
2623.1875,0.921875
2624.078125,0.890625
2624.875,0.796875
2625.6875,0.812500
2626.5625,0.875000
2627.5,0.937500
2628.40625,0.906250
2629.21875,0.812500
2630.03125,0.812500
2630.90625,0.875000
2631.796875,0.890625
2632.578125,0.781250
2633.328125,0.750000
2634.109375,0.781250
2634.9375,0.828125
2635.859375,0.921875
2636.734375,0.875000
2637.53125,0.796875
2638.34375,0.812500
2639.234375,0.890625
2640.15625,0.921875
2641.0625,0.906250
2641.84375,0.781250
2642.65625,0.812500
2643.484375,0.828125
2644.3125,0.828125
2645.125,0.812500
2645.875,0.750000
2646.625,0.750000
2647.421875,0.796875
2648.25,0.828125
2657.40625,0.765625
2658.140625,0.734375
2658.921875,0.781250
2659.875,0.953125
2660.6875,0.812500
2661.46875,0.781250
2662.1875,0.718750
2662.90625,0.718750
2663.65625,0.750000
2664.5,0.843750
2665.375,0.875000
2666.1875,0.812500
2666.984375,0.796875
2667.859375,0.875000
2713.90625,0.796875
2714.625,0.718750
2715.359375,0.734375
2716.125,0.765625
2720.484375,0.718750
2721.25,0.765625
2722.25,1.000000
2723.25,1.000000
2724.21875,0.968750
2725.171875,0.953125
2725.96875,0.796875
2726.75,0.781250
2727.671875,0.921875
2728.671875,1.000000
2729.671875,1.000000
2730.484375,0.812500
2731.25,0.765625
2731.984375,0.734375
2732.71875,0.734375
2733.578125,0.859375
2734.515625,0.937500
2735.328125,0.812500
2736.125,0.796875
2737.015625,0.890625
2737.96875,0.953125
2738.96875,1.000000
2739.859375,0.890625
2740.609375,0.750000
2741.328125,0.718750
2742.0625,0.734375
2742.84375,0.781250
2743.75,0.906250
2744.734375,0.984375
2745.71875,0.984375
2746.6875,0.968750
2747.609375,0.921875
2748.375,0.765625
2749.078125,0.703125
2749.78125,0.703125
2750.5,0.718750
2751.421875,0.921875
2752.4375,1.015625
2753.4375,1.000000
2754.3125,0.875000
2755.25,0.937500
2756.234375,0.984375
2757.234375,1.000000
2758.21875,0.984375
2759.125,0.906250
2760.0,0.875000
2760.921875,0.921875
2761.921875,1.000000
2762.9375,1.015625
2771.015625,1.000000
2771.859375,0.843750
2772.734375,0.875000
2773.765625,1.031250
2774.984375,1.218750
2775.921875,0.937500
2776.78125,0.859375
2777.6875,0.906250
2778.671875,0.984375
2779.65625,0.984375
2780.515625,0.859375
2781.375,0.859375
2782.328125,0.953125
2783.375,1.046875
2784.3125,0.937500
2785.171875,0.859375
2786.078125,0.906250
2787.03125,0.953125
2787.859375,0.828125
2788.609375,0.750000
2789.453125,0.843750
2790.453125,1.000000
2791.359375,0.906250
2792.15625,0.796875
2793.015625,0.859375
2794.0,0.984375
2795.015625,1.015625
2795.890625,0.875000
2796.65625,0.765625
2797.4375,0.781250
2798.3125,0.875000
2799.28125,0.968750
2800.296875,1.015625
2801.15625,0.859375
2802.0,0.843750
2802.9375,0.937500
2803.953125,1.015625
2804.875,0.921875
2805.71875,0.843750
2806.640625,0.921875
2807.625,0.984375
2808.5625,0.937500
2809.375,0.812500
2810.25,0.875000
2811.234375,0.984375
2812.234375,1.000000
2813.140625,0.906250
2814.03125,0.890625
2814.984375,0.953125
2815.984375,1.000000
2816.875,0.890625
2817.8125,0.937500
2818.796875,0.984375
2819.75,0.953125
2820.5625,0.812500
2821.390625,0.828125
2822.296875,0.906250
2823.234375,0.937500
2824.0625,0.828125
2824.84375,0.781250
2825.6875,0.843750
2826.5625,0.875000
2827.390625,0.828125
2828.125,0.734375
2828.890625,0.765625
2829.71875,0.828125
2830.625,0.906250
2831.484375,0.859375
2832.265625,0.781250
2833.21875,0.953125
2834.0625,0.843750
2834.9375,0.875000
2835.828125,0.890625
2836.625,0.796875
2837.421875,0.796875
2838.296875,0.875000
2839.203125,0.906250
2840.171875,0.968750
2841.109375,0.937500
2841.96875,0.859375
2842.875,0.906250
2843.875,1.000000
2844.859375,0.984375
2845.703125,0.843750
2846.53125,0.828125
2847.40625,0.875000
2848.421875,1.015625
2849.453125,1.031250
2850.34375,0.890625
2851.140625,0.796875
2851.953125,0.812500
2852.859375,0.906250
2853.8125,0.953125
2854.640625,0.828125
2855.5,0.859375
2856.484375,0.984375
2857.5,1.015625
2858.34375,0.843750
2859.1875,0.843750
2860.125,0.937500
2861.125,1.000000
2862.046875,0.921875
2862.953125,0.906250
2863.90625,0.953125
2864.90625,1.000000
2865.84375,0.937500
2866.640625,0.796875
2867.40625,0.765625
2868.203125,0.796875
2869.046875,0.843750
2869.8125,0.765625
2870.546875,0.734375
2871.40625,0.859375
2872.421875,1.015625
2873.453125,1.031250
2874.375,0.921875
2875.21875,0.843750
2876.09375,0.875000
2876.984375,0.890625
2877.8125,0.828125
2878.578125,0.765625
2879.359375,0.781250
2880.203125,0.843750
2881.125,0.921875
2881.9375,0.812500
2882.734375,0.796875
2883.609375,0.875000
2884.5625,0.953125
2885.59375,1.031250
2886.46875,0.875000
2887.3125,0.843750
2888.234375,0.921875
2889.1875,0.953125
2890.15625,0.968750
2891.28125,1.125000
2892.234375,0.953125
2893.078125,0.843750
2893.875,0.796875
2894.71875,0.843750
2895.59375,0.875000
2896.375,0.781250
2897.15625,0.781250
2897.9375,0.781250
2898.6875,0.750000
2899.484375,0.796875
2900.390625,0.906250
2901.25,0.859375
2902.015625,0.765625
2902.828125,0.812500
2903.671875,0.843750
2904.46875,0.796875
2905.203125,0.734375
2905.90625,0.703125
2906.609375,0.703125
2907.375,0.765625
2908.28125,0.906250
2909.21875,0.937500
2935.359375,0.875000
2936.265625,0.906250
2937.25,0.984375
2938.265625,1.015625
2939.25,0.984375
2947.390625,0.859375
2948.359375,0.968750
2949.28125,0.921875
2950.09375,0.812500
2950.953125,0.859375
2951.921875,0.968750
2952.875,0.953125
2953.703125,0.828125
2954.515625,0.812500
2955.4375,0.921875
2956.40625,0.968750
2957.265625,0.859375
2958.078125,0.812500
2958.890625,0.812500
2959.78125,0.890625
2960.765625,0.984375
2961.734375,0.968750
2962.59375,0.859375
2963.484375,0.890625
2982.390625,0.906250
2983.40625,1.015625
2984.4375,1.031250
2985.328125,0.890625
2986.15625,0.828125
2987.015625,0.859375
2987.921875,0.906250
2994.578125,0.921875
2995.515625,0.937500
2996.34375,0.828125
2997.09375,0.750000
2997.84375,0.750000
2998.671875,0.828125
2999.625,0.953125
3000.484375,0.859375
3001.265625,0.781250
3002.03125,0.765625
3002.953125,0.921875
3003.984375,1.031250
3005.0,1.015625
3005.890625,0.890625
3006.6875,0.796875
3007.5,0.812500
3008.34375,0.843750
3009.21875,0.875000
3010.140625,0.921875
3010.984375,0.843750
3011.734375,0.750000
3012.515625,0.781250
3013.421875,0.906250
3014.40625,0.984375
3015.390625,0.984375
3016.25,0.859375
3017.15625,0.906250
3018.109375,0.953125
3019.109375,1.000000
3020.046875,0.937500
3020.921875,0.875000
3021.859375,0.937500
3022.828125,0.968750
3023.828125,1.000000
3024.6875,0.859375
3025.546875,0.859375
3026.484375,0.937500
3027.4375,0.953125
3028.28125,0.843750
3029.09375,0.812500
3030.0,0.906250
3031.03125,1.031250
3032.015625,0.984375
3032.8125,0.796875
3033.671875,0.859375
3034.6875,1.015625
3035.75,1.062500
3036.640625,0.890625
3037.4375,0.796875
3038.28125,0.843750
3039.203125,0.921875
3040.1875,0.984375
3041.046875,0.859375
3041.953125,0.906250
3042.953125,1.000000
3043.984375,1.031250
3044.953125,0.968750
3045.765625,0.812500
3046.59375,0.828125
3047.53125,0.937500
3048.515625,0.984375
3049.515625,1.000000
3050.375,0.859375
3051.203125,0.828125
3052.09375,0.890625
3053.03125,0.937500
3053.953125,0.921875
3054.75,0.796875
3055.5,0.750000
3056.3125,0.812500
3057.171875,0.859375
3058.078125,0.906250
3058.9375,0.859375
3059.6875,0.750000
3060.453125,0.765625
3061.28125,0.828125
3062.203125,0.921875
3063.125,0.921875
3064.0625,0.937500
3077.171875,0.859375
3078.09375,0.921875
3078.984375,0.890625
3079.78125,0.796875
3080.609375,0.828125
3081.5625,0.953125
3082.5625,1.000000
3083.421875,0.859375
3084.265625,0.843750
3085.171875,0.906250
3086.125,0.953125
3087.015625,0.890625
3087.875,0.859375
3088.6875,0.812500
3089.4375,0.750000
3106.34375,1.046875
3107.1875,0.843750
3107.953125,0.765625
3108.765625,0.812500
3109.671875,0.906250
3110.65625,0.984375
3111.703125,1.046875
3112.734375,1.031250
3113.625,0.890625
3114.484375,0.859375
3115.4375,0.953125
3116.421875,0.984375
3117.390625,0.968750
3118.234375,0.843750
3119.046875,0.812500
3119.921875,0.875000
3120.9375,1.015625
3121.953125,1.015625
3122.875,0.921875
3123.734375,0.859375
3124.671875,0.937500
3132.453125,0.828125
3133.25,0.796875
3133.96875,0.718750
3134.71875,0.750000
3135.515625,0.796875
3136.375,0.859375
3137.265625,0.890625
3138.0625,0.796875
3138.8125,0.750000
3139.609375,0.796875
3140.515625,0.906250
3141.484375,0.968750
3142.421875,0.937500
3143.234375,0.812500
3144.109375,0.875000
3145.0625,0.953125
3146.0625,1.000000
3147.015625,0.953125
3147.84375,0.828125
3148.703125,0.859375
3149.65625,0.953125
3150.625,0.968750
3151.515625,0.890625
3152.328125,0.812500
3153.171875,0.843750
3154.125,0.953125
3155.109375,0.984375
3156.078125,0.968750
3156.921875,0.843750
3157.734375,0.812500
3164.78125,0.765625
3165.59375,0.812500
3166.328125,0.734375
3167.03125,0.703125
3167.765625,0.734375
3168.53125,0.765625
3169.3125,0.781250
3170.03125,0.718750
3170.71875,0.687500
3171.421875,0.703125
3180.4375,0.750000
3181.171875,0.734375
3181.96875,0.796875
3182.828125,0.859375
3183.71875,0.890625
3184.609375,0.890625
3185.40625,0.796875
3186.203125,0.796875
3187.0625,0.859375
3207.734375,0.890625
3208.578125,0.843750
3209.5,0.921875
3210.515625,1.015625
3211.53125,1.015625
3212.390625,0.859375
3213.203125,0.812500
3214.1875,0.984375
3215.28125,1.093750
3216.359375,1.078125
3217.34375,0.984375
3218.15625,0.812500
3218.96875,0.812500
3219.84375,0.875000
3220.859375,1.015625
3221.78125,0.921875
3222.578125,0.796875
3223.421875,0.843750
3224.421875,1.000000
3225.46875,1.046875
3226.5,1.031250
3227.515625,1.015625
3228.421875,0.906250
3229.265625,0.843750
3230.171875,0.906250
3231.140625,0.968750
3232.109375,0.968750
3232.96875,0.859375
3233.8125,0.843750
3234.765625,0.953125
3235.8125,1.046875
3263.421875,0.656250
3264.0625,0.640625
3264.6875,0.625000
3265.3125,0.625000
3265.96875,0.656250
3266.671875,0.703125
3267.390625,0.718750
3465.03125,0.812500
